file,line,type,commit,author,date,time,timezone,datetime,depth,length
style.css,1,css,2c190668,LemonCastle,2025-01-22,10:05:45,-08:00,2025-01-22T10:05:45-08:00,0,6
style.css,2,css,2c190668,LemonCastle,2025-01-22,10:05:45,-08:00,2025-01-22T10:05:45-08:00,0,24
style.css,3,css,2c190668,LemonCastle,2025-01-22,10:05:45,-08:00,2025-01-22T10:05:45-08:00,0,0
style.css,4,css,2c190668,LemonCastle,2025-01-22,10:05:45,-08:00,2025-01-22T10:05:45-08:00,0,0
style.css,5,css,f7d91b58,LemonCastle,2025-01-09,13:21:55,-08:00,2025-01-09T13:21:55-08:00,0,5
style.css,6,css,7e195b2f,LemonCastle,2025-01-10,14:41:44,-08:00,2025-01-10T14:41:44-08:00,0,24
style.css,7,css,7e195b2f,LemonCastle,2025-01-10,14:41:44,-08:00,2025-01-10T14:41:44-08:00,0,16
style.css,8,css,7e195b2f,LemonCastle,2025-01-10,14:41:44,-08:00,2025-01-10T14:41:44-08:00,0,43
style.css,9,css,7e195b2f,LemonCastle,2025-01-10,14:41:44,-08:00,2025-01-10T14:41:44-08:00,0,22
style.css,10,css,2c190668,LemonCastle,2025-01-22,10:05:45,-08:00,2025-01-22T10:05:45-08:00,0,40
style.css,11,css,2c190668,LemonCastle,2025-01-22,10:05:45,-08:00,2025-01-22T10:05:45-08:00,0,33
style.css,12,css,7e195b2f,LemonCastle,2025-01-10,14:41:44,-08:00,2025-01-10T14:41:44-08:00,0,0
style.css,13,css,2c190668,LemonCastle,2025-01-22,10:05:45,-08:00,2025-01-22T10:05:45-08:00,0,17
style.css,14,css,2c190668,LemonCastle,2025-01-22,10:05:45,-08:00,2025-01-22T10:05:45-08:00,0,24
style.css,15,css,2c190668,LemonCastle,2025-01-22,10:05:45,-08:00,2025-01-22T10:05:45-08:00,0,17
style.css,16,css,2c190668,LemonCastle,2025-01-22,10:05:45,-08:00,2025-01-22T10:05:45-08:00,0,0
style.css,17,css,03647ab2,lemoncastle,2025-01-11,16:02:16,-08:00,2025-01-11T16:02:16-08:00,0,5
style.css,18,css,03647ab2,lemoncastle,2025-01-11,16:02:16,-08:00,2025-01-11T16:02:16-08:00,0,13
style.css,19,css,03647ab2,lemoncastle,2025-01-11,16:02:16,-08:00,2025-01-11T16:02:16-08:00,0,31
style.css,20,css,03647ab2,lemoncastle,2025-01-11,16:02:16,-08:00,2025-01-11T16:02:16-08:00,0,8
style.css,21,css,7e195b2f,LemonCastle,2025-01-10,14:41:44,-08:00,2025-01-10T14:41:44-08:00,0,0
style.css,22,css,7e195b2f,LemonCastle,2025-01-10,14:41:44,-08:00,2025-01-10T14:41:44-08:00,0,0
style.css,23,css,03647ab2,lemoncastle,2025-01-11,16:02:16,-08:00,2025-01-11T16:02:16-08:00,0,30
style.css,24,css,03647ab2,lemoncastle,2025-01-11,16:02:16,-08:00,2025-01-11T16:02:16-08:00,0,0
style.css,25,css,7e195b2f,LemonCastle,2025-01-10,14:41:44,-08:00,2025-01-10T14:41:44-08:00,0,4
style.css,26,css,7e195b2f,LemonCastle,2025-01-10,14:41:44,-08:00,2025-01-10T14:41:44-08:00,0,13
style.css,27,css,7e195b2f,LemonCastle,2025-01-10,14:41:44,-08:00,2025-01-10T14:41:44-08:00,0,18
style.css,28,css,7e195b2f,LemonCastle,2025-01-10,14:41:44,-08:00,2025-01-10T14:41:44-08:00,0,24
style.css,29,css,7e195b2f,LemonCastle,2025-01-10,14:41:44,-08:00,2025-01-10T14:41:44-08:00,0,26
style.css,30,css,2c190668,LemonCastle,2025-01-22,10:05:45,-08:00,2025-01-22T10:05:45-08:00,0,40
style.css,31,css,7e195b2f,LemonCastle,2025-01-10,14:41:44,-08:00,2025-01-10T14:41:44-08:00,0,0
style.css,32,css,7e195b2f,LemonCastle,2025-01-10,14:41:44,-08:00,2025-01-10T14:41:44-08:00,0,0
style.css,33,css,7e195b2f,LemonCastle,2025-01-10,14:41:44,-08:00,2025-01-10T14:41:44-08:00,0,6
style.css,34,css,7e195b2f,LemonCastle,2025-01-10,14:41:44,-08:00,2025-01-10T14:41:44-08:00,0,7
style.css,35,css,7e195b2f,LemonCastle,2025-01-10,14:41:44,-08:00,2025-01-10T14:41:44-08:00,0,21
style.css,36,css,7e195b2f,LemonCastle,2025-01-10,14:41:44,-08:00,2025-01-10T14:41:44-08:00,0,14
style.css,37,css,7e195b2f,LemonCastle,2025-01-10,14:41:44,-08:00,2025-01-10T14:41:44-08:00,0,18
style.css,38,css,7e195b2f,LemonCastle,2025-01-10,14:41:44,-08:00,2025-01-10T14:41:44-08:00,0,14
style.css,39,css,7e195b2f,LemonCastle,2025-01-10,14:41:44,-08:00,2025-01-10T14:41:44-08:00,0,0
style.css,40,css,7e195b2f,LemonCastle,2025-01-10,14:41:44,-08:00,2025-01-10T14:41:44-08:00,0,0
style.css,41,css,7e195b2f,LemonCastle,2025-01-10,14:41:44,-08:00,2025-01-10T14:41:44-08:00,0,14
style.css,42,css,7e195b2f,LemonCastle,2025-01-10,14:41:44,-08:00,2025-01-10T14:41:44-08:00,0,19
style.css,43,css,2c190668,LemonCastle,2025-01-22,10:05:45,-08:00,2025-01-22T10:05:45-08:00,0,24
style.css,44,css,7e195b2f,LemonCastle,2025-01-10,14:41:44,-08:00,2025-01-10T14:41:44-08:00,0,26
style.css,45,css,2c190668,LemonCastle,2025-01-22,10:05:45,-08:00,2025-01-22T10:05:45-08:00,0,40
style.css,46,css,7e195b2f,LemonCastle,2025-01-10,14:41:44,-08:00,2025-01-10T14:41:44-08:00,0,0
style.css,47,css,7e195b2f,LemonCastle,2025-01-10,14:41:44,-08:00,2025-01-10T14:41:44-08:00,0,0
style.css,48,css,7e195b2f,LemonCastle,2025-01-10,14:41:44,-08:00,2025-01-10T14:41:44-08:00,0,12
style.css,49,css,7e195b2f,LemonCastle,2025-01-10,14:41:44,-08:00,2025-01-10T14:41:44-08:00,0,19
style.css,50,css,2c190668,LemonCastle,2025-01-22,10:05:45,-08:00,2025-01-22T10:05:45-08:00,0,24
style.css,51,css,7e195b2f,LemonCastle,2025-01-10,14:41:44,-08:00,2025-01-10T14:41:44-08:00,0,26
style.css,52,css,7e195b2f,LemonCastle,2025-01-10,14:41:44,-08:00,2025-01-10T14:41:44-08:00,0,40
style.css,53,css,7e195b2f,LemonCastle,2025-01-10,14:41:44,-08:00,2025-01-10T14:41:44-08:00,0,63
style.css,54,css,7e195b2f,LemonCastle,2025-01-10,14:41:44,-08:00,2025-01-10T14:41:44-08:00,0,0
style.css,55,css,03647ab2,lemoncastle,2025-01-11,16:02:16,-08:00,2025-01-11T16:02:16-08:00,0,0
style.css,56,css,03647ab2,lemoncastle,2025-01-11,16:02:16,-08:00,2025-01-11T16:02:16-08:00,0,10
style.css,57,css,03647ab2,lemoncastle,2025-01-11,16:02:16,-08:00,2025-01-11T16:02:16-08:00,0,13
style.css,58,css,03647ab2,lemoncastle,2025-01-11,16:02:16,-08:00,2025-01-11T16:02:16-08:00,0,59
style.css,59,css,03647ab2,lemoncastle,2025-01-11,16:02:16,-08:00,2025-01-11T16:02:16-08:00,0,8
style.css,60,css,03647ab2,lemoncastle,2025-01-11,16:02:16,-08:00,2025-01-11T16:02:16-08:00,0,0
style.css,61,css,03647ab2,lemoncastle,2025-01-11,16:02:16,-08:00,2025-01-11T16:02:16-08:00,0,18
style.css,62,css,03647ab2,lemoncastle,2025-01-11,16:02:16,-08:00,2025-01-11T16:02:16-08:00,0,27
style.css,63,css,03647ab2,lemoncastle,2025-01-11,16:02:16,-08:00,2025-01-11T16:02:16-08:00,0,16
style.css,64,css,03647ab2,lemoncastle,2025-01-11,16:02:16,-08:00,2025-01-11T16:02:16-08:00,0,0
style.css,65,css,03647ab2,lemoncastle,2025-01-11,16:02:16,-08:00,2025-01-11T16:02:16-08:00,0,0
style.css,66,css,03647ab2,lemoncastle,2025-01-11,16:02:16,-08:00,2025-01-11T16:02:16-08:00,0,26
style.css,67,css,03647ab2,lemoncastle,2025-01-11,16:02:16,-08:00,2025-01-11T16:02:16-08:00,0,0
style.css,68,css,03647ab2,lemoncastle,2025-01-11,16:02:16,-08:00,2025-01-11T16:02:16-08:00,0,23
style.css,69,css,03647ab2,lemoncastle,2025-01-11,16:02:16,-08:00,2025-01-11T16:02:16-08:00,0,16
style.css,70,css,03647ab2,lemoncastle,2025-01-11,16:02:16,-08:00,2025-01-11T16:02:16-08:00,0,18
style.css,71,css,03647ab2,lemoncastle,2025-01-11,16:02:16,-08:00,2025-01-11T16:02:16-08:00,0,0
style.css,72,css,03647ab2,lemoncastle,2025-01-11,16:02:16,-08:00,2025-01-11T16:02:16-08:00,0,0
style.css,73,css,03647ab2,lemoncastle,2025-01-11,16:02:16,-08:00,2025-01-11T16:02:16-08:00,0,22
style.css,74,css,03647ab2,lemoncastle,2025-01-11,16:02:16,-08:00,2025-01-11T16:02:16-08:00,0,22
style.css,75,css,03647ab2,lemoncastle,2025-01-11,16:02:16,-08:00,2025-01-11T16:02:16-08:00,0,22
style.css,76,css,03647ab2,lemoncastle,2025-01-11,16:02:16,-08:00,2025-01-11T16:02:16-08:00,0,0
style.css,77,css,03647ab2,lemoncastle,2025-01-11,16:02:16,-08:00,2025-01-11T16:02:16-08:00,0,8
style.css,78,css,03647ab2,lemoncastle,2025-01-11,16:02:16,-08:00,2025-01-11T16:02:16-08:00,0,13
style.css,79,css,03647ab2,lemoncastle,2025-01-11,16:02:16,-08:00,2025-01-11T16:02:16-08:00,0,12
style.css,80,css,03647ab2,lemoncastle,2025-01-11,16:02:16,-08:00,2025-01-11T16:02:16-08:00,0,18
style.css,81,css,03647ab2,lemoncastle,2025-01-11,16:02:16,-08:00,2025-01-11T16:02:16-08:00,0,40
style.css,82,css,03647ab2,lemoncastle,2025-01-11,16:02:16,-08:00,2025-01-11T16:02:16-08:00,0,0
style.css,83,css,03647ab2,lemoncastle,2025-01-11,16:02:16,-08:00,2025-01-11T16:02:16-08:00,0,0
style.css,84,css,03647ab2,lemoncastle,2025-01-11,16:02:16,-08:00,2025-01-11T16:02:16-08:00,0,7
style.css,85,css,03647ab2,lemoncastle,2025-01-11,16:02:16,-08:00,2025-01-11T16:02:16-08:00,0,18
style.css,86,css,03647ab2,lemoncastle,2025-01-11,16:02:16,-08:00,2025-01-11T16:02:16-08:00,0,0
style.css,87,css,03647ab2,lemoncastle,2025-01-11,16:02:16,-08:00,2025-01-11T16:02:16-08:00,0,0
style.css,88,css,2c190668,LemonCastle,2025-01-22,10:05:45,-08:00,2025-01-22T10:05:45-08:00,0,14
style.css,89,css,2c190668,LemonCastle,2025-01-22,10:05:45,-08:00,2025-01-22T10:05:45-08:00,0,18
style.css,90,css,2c190668,LemonCastle,2025-01-22,10:05:45,-08:00,2025-01-22T10:05:45-08:00,0,9
style.css,91,css,2c190668,LemonCastle,2025-01-22,10:05:45,-08:00,2025-01-22T10:05:45-08:00,0,11
style.css,92,css,2c190668,LemonCastle,2025-01-22,10:05:45,-08:00,2025-01-22T10:05:45-08:00,0,14
style.css,93,css,2c190668,LemonCastle,2025-01-22,10:05:45,-08:00,2025-01-22T10:05:45-08:00,0,20
style.css,94,css,2c190668,LemonCastle,2025-01-22,10:05:45,-08:00,2025-01-22T10:05:45-08:00,0,0
style.css,95,css,2c190668,LemonCastle,2025-01-22,10:05:45,-08:00,2025-01-22T10:05:45-08:00,0,0
style.css,96,css,2c190668,LemonCastle,2025-01-22,10:05:45,-08:00,2025-01-22T10:05:45-08:00,0,39
style.css,97,css,2c190668,LemonCastle,2025-01-22,10:05:45,-08:00,2025-01-22T10:05:45-08:00,0,20
style.css,98,css,2c190668,LemonCastle,2025-01-22,10:05:45,-08:00,2025-01-22T10:05:45-08:00,0,0
style.css,99,css,fbb0b18b,lemoncastle,2025-01-29,15:27:58,-08:00,2025-01-29T15:27:58-08:00,0,0
style.css,100,css,fbb0b18b,lemoncastle,2025-01-29,15:27:58,-08:00,2025-01-29T15:27:58-08:00,0,0
style.css,101,css,fbb0b18b,lemoncastle,2025-01-29,15:27:58,-08:00,2025-01-29T15:27:58-08:00,0,18
style.css,102,css,fbb0b18b,lemoncastle,2025-01-29,15:27:58,-08:00,2025-01-29T15:27:58-08:00,0,13
style.css,103,css,fbb0b18b,lemoncastle,2025-01-29,15:27:58,-08:00,2025-01-29T15:27:58-08:00,0,37
style.css,104,css,fbb0b18b,lemoncastle,2025-01-29,15:27:58,-08:00,2025-01-29T15:27:58-08:00,0,8
style.css,105,css,fbb0b18b,lemoncastle,2025-01-29,15:27:58,-08:00,2025-01-29T15:27:58-08:00,0,0
style.css,106,css,fbb0b18b,lemoncastle,2025-01-29,15:27:58,-08:00,2025-01-29T15:27:58-08:00,0,0
style.css,107,css,fbb0b18b,lemoncastle,2025-01-29,15:27:58,-08:00,2025-01-29T15:27:58-08:00,0,18
style.css,108,css,fbb0b18b,lemoncastle,2025-01-29,15:27:58,-08:00,2025-01-29T15:27:58-08:00,0,11
style.css,109,css,fbb0b18b,lemoncastle,2025-01-29,15:27:58,-08:00,2025-01-29T15:27:58-08:00,0,17
style.css,110,css,fbb0b18b,lemoncastle,2025-01-29,15:27:58,-08:00,2025-01-29T15:27:58-08:00,0,15
style.css,111,css,fbb0b18b,lemoncastle,2025-01-29,15:27:58,-08:00,2025-01-29T15:27:58-08:00,0,0
style.css,112,css,fbb0b18b,lemoncastle,2025-01-29,15:27:58,-08:00,2025-01-29T15:27:58-08:00,0,17
style.css,113,css,fbb0b18b,lemoncastle,2025-01-29,15:27:58,-08:00,2025-01-29T15:27:58-08:00,0,11
style.css,114,css,c6df6026,LemonCastle,2025-02-06,21:21:48,-08:00,2025-02-06T21:21:48-08:00,0,0
style.css,115,css,c6df6026,LemonCastle,2025-02-06,21:21:48,-08:00,2025-02-06T21:21:48-08:00,0,0
style.css,116,css,c6df6026,LemonCastle,2025-02-06,21:21:48,-08:00,2025-02-06T21:21:48-08:00,0,11
style.css,117,css,c6df6026,LemonCastle,2025-02-06,21:21:48,-08:00,2025-02-06T21:21:48-08:00,0,15
style.css,118,css,c6df6026,LemonCastle,2025-02-06,21:21:48,-08:00,2025-02-06T21:21:48-08:00,0,17
style.css,119,css,c6df6026,LemonCastle,2025-02-06,21:21:48,-08:00,2025-02-06T21:21:48-08:00,0,17
style.css,120,css,c6df6026,LemonCastle,2025-02-06,21:21:48,-08:00,2025-02-06T21:21:48-08:00,0,0
style.css,121,css,c6df6026,LemonCastle,2025-02-06,21:21:48,-08:00,2025-02-06T21:21:48-08:00,0,0
style.css,122,css,c6df6026,LemonCastle,2025-02-06,21:21:48,-08:00,2025-02-06T21:21:48-08:00,0,0
style.css,123,css,c6df6026,LemonCastle,2025-02-06,21:21:48,-08:00,2025-02-06T21:21:48-08:00,0,11
style.css,124,css,c6df6026,LemonCastle,2025-02-06,21:21:48,-08:00,2025-02-06T21:21:48-08:00,0,13
style.css,125,css,5b733979,lemoncastle,2025-02-07,20:21:32,-08:00,2025-02-07T20:21:32-08:00,0,19
style.css,126,css,c6df6026,LemonCastle,2025-02-06,21:21:48,-08:00,2025-02-06T21:21:48-08:00,0,15
style.css,127,css,5b733979,lemoncastle,2025-02-07,20:21:32,-08:00,2025-02-07T20:21:32-08:00,0,9
style.css,128,css,c6df6026,LemonCastle,2025-02-06,21:21:48,-08:00,2025-02-06T21:21:48-08:00,0,0
style.css,129,css,c6df6026,LemonCastle,2025-02-06,21:21:48,-08:00,2025-02-06T21:21:48-08:00,0,0
style.css,130,css,c6df6026,LemonCastle,2025-02-06,21:21:48,-08:00,2025-02-06T21:21:48-08:00,0,8
style.css,131,css,c6df6026,LemonCastle,2025-02-06,21:21:48,-08:00,2025-02-06T21:21:48-08:00,0,16
style.css,132,css,c6df6026,LemonCastle,2025-02-06,21:21:48,-08:00,2025-02-06T21:21:48-08:00,0,13
style.css,133,css,c6df6026,LemonCastle,2025-02-06,21:21:48,-08:00,2025-02-06T21:21:48-08:00,0,13
style.css,134,css,5b733979,lemoncastle,2025-02-07,20:21:32,-08:00,2025-02-07T20:21:32-08:00,0,58
style.css,135,css,c6df6026,LemonCastle,2025-02-06,21:21:48,-08:00,2025-02-06T21:21:48-08:00,0,23
style.css,136,css,c6df6026,LemonCastle,2025-02-06,21:21:48,-08:00,2025-02-06T21:21:48-08:00,0,22
style.css,137,css,5b733979,lemoncastle,2025-02-07,20:21:32,-08:00,2025-02-07T20:21:32-08:00,0,7
style.css,138,css,5b733979,lemoncastle,2025-02-07,20:21:32,-08:00,2025-02-07T20:21:32-08:00,0,8
style.css,139,css,5b733979,lemoncastle,2025-02-07,20:21:32,-08:00,2025-02-07T20:21:32-08:00,0,12
style.css,140,css,c6df6026,LemonCastle,2025-02-06,21:21:48,-08:00,2025-02-06T21:21:48-08:00,0,0
style.css,141,css,c6df6026,LemonCastle,2025-02-06,21:21:48,-08:00,2025-02-06T21:21:48-08:00,0,0
style.css,142,css,c6df6026,LemonCastle,2025-02-06,21:21:48,-08:00,2025-02-06T21:21:48-08:00,0,11
style.css,143,css,c6df6026,LemonCastle,2025-02-06,21:21:48,-08:00,2025-02-06T21:21:48-08:00,0,13
style.css,144,css,c6df6026,LemonCastle,2025-02-06,21:21:48,-08:00,2025-02-06T21:21:48-08:00,0,13
style.css,145,css,c6df6026,LemonCastle,2025-02-06,21:21:48,-08:00,2025-02-06T21:21:48-08:00,0,19
style.css,146,css,c6df6026,LemonCastle,2025-02-06,21:21:48,-08:00,2025-02-06T21:21:48-08:00,0,17
style.css,147,css,c6df6026,LemonCastle,2025-02-06,21:21:48,-08:00,2025-02-06T21:21:48-08:00,0,18
style.css,148,css,5b733979,lemoncastle,2025-02-07,20:21:32,-08:00,2025-02-07T20:21:32-08:00,0,0
style.css,149,css,c6df6026,LemonCastle,2025-02-06,21:21:48,-08:00,2025-02-06T21:21:48-08:00,0,0
style.css,150,css,c6df6026,LemonCastle,2025-02-06,21:21:48,-08:00,2025-02-06T21:21:48-08:00,0,0
style.css,151,css,c6df6026,LemonCastle,2025-02-06,21:21:48,-08:00,2025-02-06T21:21:48-08:00,0,16
style.css,152,css,c6df6026,LemonCastle,2025-02-06,21:21:48,-08:00,2025-02-06T21:21:48-08:00,0,11
style.css,153,css,c6df6026,LemonCastle,2025-02-06,21:21:48,-08:00,2025-02-06T21:21:48-08:00,0,12
style.css,154,css,c6df6026,LemonCastle,2025-02-06,21:21:48,-08:00,2025-02-06T21:21:48-08:00,0,24
style.css,155,css,c6df6026,LemonCastle,2025-02-06,21:21:48,-08:00,2025-02-06T21:21:48-08:00,0,21
style.css,156,css,c6df6026,LemonCastle,2025-02-06,21:21:48,-08:00,2025-02-06T21:21:48-08:00,0,18
style.css,157,css,c6df6026,LemonCastle,2025-02-06,21:21:48,-08:00,2025-02-06T21:21:48-08:00,0,17
style.css,158,css,c6df6026,LemonCastle,2025-02-06,21:21:48,-08:00,2025-02-06T21:21:48-08:00,0,0
style.css,159,css,5b733979,lemoncastle,2025-02-07,20:21:32,-08:00,2025-02-07T20:21:32-08:00,0,0
style.css,160,css,5b733979,lemoncastle,2025-02-07,20:21:32,-08:00,2025-02-07T20:21:32-08:00,0,18
style.css,161,css,5b733979,lemoncastle,2025-02-07,20:21:32,-08:00,2025-02-07T20:21:32-08:00,0,17
style.css,162,css,5b733979,lemoncastle,2025-02-07,20:21:32,-08:00,2025-02-07T20:21:32-08:00,0,12
style.css,163,css,5b733979,lemoncastle,2025-02-07,20:21:32,-08:00,2025-02-07T20:21:32-08:00,0,0
style.css,164,css,5b733979,lemoncastle,2025-02-07,20:21:32,-08:00,2025-02-07T20:21:32-08:00,0,0
style.css,165,css,5b733979,lemoncastle,2025-02-07,20:21:32,-08:00,2025-02-07T20:21:32-08:00,0,0
style.css,166,css,5b733979,lemoncastle,2025-02-07,20:21:32,-08:00,2025-02-07T20:21:32-08:00,0,5
style.css,167,css,5b733979,lemoncastle,2025-02-07,20:21:32,-08:00,2025-02-07T20:21:32-08:00,0,17
style.css,168,css,5b733979,lemoncastle,2025-02-07,20:21:32,-08:00,2025-02-07T20:21:32-08:00,0,15
style.css,169,css,5b733979,lemoncastle,2025-02-07,20:21:32,-08:00,2025-02-07T20:21:32-08:00,0,0
style.css,170,css,5b733979,lemoncastle,2025-02-07,20:21:32,-08:00,2025-02-07T20:21:32-08:00,0,0
style.css,171,css,5b733979,lemoncastle,2025-02-07,20:21:32,-08:00,2025-02-07T20:21:32-08:00,0,10
style.css,172,css,5b733979,lemoncastle,2025-02-07,20:21:32,-08:00,2025-02-07T20:21:32-08:00,0,36
style.css,173,css,5b733979,lemoncastle,2025-02-07,20:21:32,-08:00,2025-02-07T20:21:32-08:00,0,0
style.css,174,css,5b733979,lemoncastle,2025-02-07,20:21:32,-08:00,2025-02-07T20:21:32-08:00,0,11
style.css,175,css,5b733979,lemoncastle,2025-02-07,20:21:32,-08:00,2025-02-07T20:21:32-08:00,0,18
style.css,176,css,5b733979,lemoncastle,2025-02-07,20:21:32,-08:00,2025-02-07T20:21:32-08:00,0,0
style.css,177,css,5b733979,lemoncastle,2025-02-07,20:21:32,-08:00,2025-02-07T20:21:32-08:00,0,0
style.css,178,css,5b733979,lemoncastle,2025-02-07,20:21:32,-08:00,2025-02-07T20:21:32-08:00,0,0
style.css,179,css,5b733979,lemoncastle,2025-02-07,20:21:32,-08:00,2025-02-07T20:21:32-08:00,0,0
style.css,180,css,5b733979,lemoncastle,2025-02-07,20:21:32,-08:00,2025-02-07T20:21:32-08:00,0,0
style.css,181,css,5b733979,lemoncastle,2025-02-07,20:21:32,-08:00,2025-02-07T20:21:32-08:00,0,17
style.css,182,css,5b733979,lemoncastle,2025-02-07,20:21:32,-08:00,2025-02-07T20:21:32-08:00,0,17
style.css,183,css,5b733979,lemoncastle,2025-02-07,20:21:32,-08:00,2025-02-07T20:21:32-08:00,0,0
index.js,1,js,b284b1a5,LemonCastle,2025-01-29,14:44:01,-08:00,2025-01-29T14:44:01-08:00,0,71
index.js,2,js,fbb0b18b,lemoncastle,2025-01-29,15:27:58,-08:00,2025-01-29T15:27:58-08:00,0,0
index.js,3,js,fbb0b18b,lemoncastle,2025-01-29,15:27:58,-08:00,2025-01-29T15:27:58-08:00,0,32
index.js,4,js,b284b1a5,LemonCastle,2025-01-29,14:44:01,-08:00,2025-01-29T14:44:01-08:00,0,123
index.js,5,js,b284b1a5,LemonCastle,2025-01-29,14:44:01,-08:00,2025-01-29T14:44:01-08:00,0,43
index.js,6,js,b284b1a5,LemonCastle,2025-01-29,14:44:01,-08:00,2025-01-29T14:44:01-08:00,0,0
index.js,7,js,b284b1a5,LemonCastle,2025-01-29,14:44:01,-08:00,2025-01-29T14:44:01-08:00,0,61
index.js,8,js,fbb0b18b,lemoncastle,2025-01-29,15:27:58,-08:00,2025-01-29T15:27:58-08:00,0,55
index.js,9,js,fbb0b18b,lemoncastle,2025-01-29,15:27:58,-08:00,2025-01-29T15:27:58-08:00,0,0
index.js,10,js,fbb0b18b,lemoncastle,2025-01-29,15:27:58,-08:00,2025-01-29T15:27:58-08:00,0,31
index.js,11,js,fbb0b18b,lemoncastle,2025-01-29,15:27:58,-08:00,2025-01-29T15:27:58-08:00,0,55
index.js,12,js,fbb0b18b,lemoncastle,2025-01-29,15:27:58,-08:00,2025-01-29T15:27:58-08:00,0,61
index.js,13,js,fbb0b18b,lemoncastle,2025-01-29,15:27:58,-08:00,2025-01-29T15:27:58-08:00,0,0
index.js,14,js,fbb0b18b,lemoncastle,2025-01-29,15:27:58,-08:00,2025-01-29T15:27:58-08:00,0,18
index.js,15,js,fbb0b18b,lemoncastle,2025-01-29,15:27:58,-08:00,2025-01-29T15:27:58-08:00,0,25
index.js,16,js,fbb0b18b,lemoncastle,2025-01-29,15:27:58,-08:00,2025-01-29T15:27:58-08:00,0,3
index.js,17,js,fbb0b18b,lemoncastle,2025-01-29,15:27:58,-08:00,2025-01-29T15:27:58-08:00,0,56
index.js,18,js,fbb0b18b,lemoncastle,2025-01-29,15:27:58,-08:00,2025-01-29T15:27:58-08:00,0,56
index.js,19,js,fbb0b18b,lemoncastle,2025-01-29,15:27:58,-08:00,2025-01-29T15:27:58-08:00,0,50
index.js,20,js,fbb0b18b,lemoncastle,2025-01-29,15:27:58,-08:00,2025-01-29T15:27:58-08:00,0,50
index.js,21,js,fbb0b18b,lemoncastle,2025-01-29,15:27:58,-08:00,2025-01-29T15:27:58-08:00,0,4
index.js,22,js,fbb0b18b,lemoncastle,2025-01-29,15:27:58,-08:00,2025-01-29T15:27:58-08:00,0,1
index.js,23,js,fbb0b18b,lemoncastle,2025-01-29,15:27:58,-08:00,2025-01-29T15:27:58-08:00,0,0
index.html,1,html,c5bcbfe3,LemonCastle,2025-01-09,13:04:01,-08:00,2025-01-09T13:04:01-08:00,0,14
index.html,2,html,c5bcbfe3,LemonCastle,2025-01-09,13:04:01,-08:00,2025-01-09T13:04:01-08:00,0,15
index.html,3,html,c5bcbfe3,LemonCastle,2025-01-09,13:04:01,-08:00,2025-01-09T13:04:01-08:00,0,5
index.html,4,html,c5bcbfe3,LemonCastle,2025-01-09,13:04:01,-08:00,2025-01-09T13:04:01-08:00,0,21
index.html,5,html,c5bcbfe3,LemonCastle,2025-01-09,13:04:01,-08:00,2025-01-09T13:04:01-08:00,0,69
index.html,6,html,2c190668,LemonCastle,2025-01-22,10:05:45,-08:00,2025-01-22T10:05:45-08:00,0,18
index.html,7,html,f7d91b58,LemonCastle,2025-01-09,13:21:55,-08:00,2025-01-09T13:21:55-08:00,0,39
index.html,8,html,b284b1a5,LemonCastle,2025-01-29,14:44:01,-08:00,2025-01-29T14:44:01-08:00,0,55
index.html,9,html,8ac514b4,lemoncastle,2025-01-29,15:38:13,-08:00,2025-01-29T15:38:13-08:00,0,51
index.html,10,html,b284b1a5,LemonCastle,2025-01-29,14:44:01,-08:00,2025-01-29T14:44:01-08:00,0,0
index.html,11,html,c5bcbfe3,LemonCastle,2025-01-09,13:04:01,-08:00,2025-01-09T13:04:01-08:00,0,6
index.html,12,html,c5bcbfe3,LemonCastle,2025-01-09,13:04:01,-08:00,2025-01-09T13:04:01-08:00,0,5
index.html,13,html,7e195b2f,LemonCastle,2025-01-10,14:41:44,-08:00,2025-01-10T14:41:44-08:00,0,10
index.html,14,html,8ac514b4,lemoncastle,2025-01-29,15:38:13,-08:00,2025-01-29T15:38:13-08:00,0,0
index.html,15,html,f7d91b58,LemonCastle,2025-01-09,13:21:55,-08:00,2025-01-09T13:21:55-08:00,0,48
index.html,16,html,7e195b2f,LemonCastle,2025-01-10,14:41:44,-08:00,2025-01-10T14:41:44-08:00,0,0
index.html,17,html,1e06bd61,lemoncastle,2025-01-09,20:24:51,-08:00,2025-01-09T20:24:51-08:00,0,3
index.html,18,html,2c190668,LemonCastle,2025-01-22,10:05:45,-08:00,2025-01-22T10:05:45-08:00,0,30
index.html,19,html,7e195b2f,LemonCastle,2025-01-10,14:41:44,-08:00,2025-01-10T14:41:44-08:00,0,23
index.html,20,html,2c190668,LemonCastle,2025-01-22,10:05:45,-08:00,2025-01-22T10:05:45-08:00,0,17
index.html,21,html,1e06bd61,lemoncastle,2025-01-09,20:24:51,-08:00,2025-01-09T20:24:51-08:00,0,1
index.html,22,html,2c190668,LemonCastle,2025-01-22,10:05:45,-08:00,2025-01-22T10:05:45-08:00,0,48
index.html,23,html,7e195b2f,LemonCastle,2025-01-10,14:41:44,-08:00,2025-01-10T14:41:44-08:00,0,0
index.html,24,html,b284b1a5,LemonCastle,2025-01-29,14:44:01,-08:00,2025-01-29T14:44:01-08:00,0,23
index.html,25,html,fbb0b18b,lemoncastle,2025-01-29,15:27:58,-08:00,2025-01-29T15:27:58-08:00,0,27
index.html,26,html,fbb0b18b,lemoncastle,2025-01-29,15:27:58,-08:00,2025-01-29T15:27:58-08:00,0,0
index.html,27,html,fbb0b18b,lemoncastle,2025-01-29,15:27:58,-08:00,2025-01-29T15:27:58-08:00,0,25
index.html,28,html,fbb0b18b,lemoncastle,2025-01-29,15:27:58,-08:00,2025-01-29T15:27:58-08:00,0,29
index.html,29,html,b284b1a5,LemonCastle,2025-01-29,14:44:01,-08:00,2025-01-29T14:44:01-08:00,0,0
index.html,30,html,c5bcbfe3,LemonCastle,2025-01-09,13:04:01,-08:00,2025-01-09T13:04:01-08:00,0,6
index.html,31,html,c5bcbfe3,LemonCastle,2025-01-09,13:04:01,-08:00,2025-01-09T13:04:01-08:00,0,6
global.js,1,js,2c190668,LemonCastle,2025-01-22,10:05:45,-08:00,2025-01-22T10:05:45-08:00,0,24
global.js,2,js,2c190668,LemonCastle,2025-01-22,10:05:45,-08:00,2025-01-22T10:05:45-08:00,0,0
global.js,3,js,2c190668,LemonCastle,2025-01-22,10:05:45,-08:00,2025-01-22T10:05:45-08:00,0,42
global.js,4,js,2c190668,LemonCastle,2025-01-22,10:05:45,-08:00,2025-01-22T10:05:45-08:00,0,53
global.js,5,js,2c190668,LemonCastle,2025-01-22,10:05:45,-08:00,2025-01-22T10:05:45-08:00,0,0
global.js,6,js,2c190668,LemonCastle,2025-01-22,10:05:45,-08:00,2025-01-22T10:05:45-08:00,0,0
global.js,7,js,2618d15d,LemonCastle,2025-01-22,10:35:58,-08:00,2025-01-22T10:35:58-08:00,0,81
global.js,8,js,61dce079,LemonCastle,2025-01-28,13:23:34,-08:00,2025-01-28T13:23:34-08:00,0,27
global.js,9,js,2618d15d,LemonCastle,2025-01-22,10:35:58,-08:00,2025-01-22T10:35:58-08:00,0,39
global.js,10,js,2618d15d,LemonCastle,2025-01-22,10:35:58,-08:00,2025-01-22T10:35:58-08:00,0,35
global.js,11,js,2618d15d,LemonCastle,2025-01-22,10:35:58,-08:00,2025-01-22T10:35:58-08:00,0,37
global.js,12,js,66b05f00,lemoncastle,2025-02-08,14:17:08,-08:00,2025-02-08T14:17:08-08:00,0,31
global.js,13,js,2c190668,LemonCastle,2025-01-22,10:05:45,-08:00,2025-01-22T10:05:45-08:00,0,58
global.js,14,js,2c190668,LemonCastle,2025-01-22,10:05:45,-08:00,2025-01-22T10:05:45-08:00,0,1
global.js,15,js,2c190668,LemonCastle,2025-01-22,10:05:45,-08:00,2025-01-22T10:05:45-08:00,0,0
global.js,16,js,2c190668,LemonCastle,2025-01-22,10:05:45,-08:00,2025-01-22T10:05:45-08:00,0,65
global.js,17,js,2c190668,LemonCastle,2025-01-22,10:05:45,-08:00,2025-01-22T10:05:45-08:00,0,106
global.js,18,js,2c190668,LemonCastle,2025-01-22,10:05:45,-08:00,2025-01-22T10:05:45-08:00,0,0
global.js,19,js,b284b1a5,LemonCastle,2025-01-29,14:44:01,-08:00,2025-01-29T14:44:01-08:00,0,82
global.js,20,js,5356e8f4,lemoncastle,2025-01-22,14:39:31,-08:00,2025-01-22T14:39:31-08:00,0,71
global.js,21,js,2c190668,LemonCastle,2025-01-22,10:05:45,-08:00,2025-01-22T10:05:45-08:00,0,0
global.js,22,js,2c190668,LemonCastle,2025-01-22,10:05:45,-08:00,2025-01-22T10:05:45-08:00,0,21
global.js,23,js,2c190668,LemonCastle,2025-01-22,10:05:45,-08:00,2025-01-22T10:05:45-08:00,0,15
global.js,24,js,2c190668,LemonCastle,2025-01-22,10:05:45,-08:00,2025-01-22T10:05:45-08:00,0,19
global.js,25,js,2c190668,LemonCastle,2025-01-22,10:05:45,-08:00,2025-01-22T10:05:45-08:00,0,0
global.js,26,js,2618d15d,LemonCastle,2025-01-22,10:35:58,-08:00,2025-01-22T10:35:58-08:00,0,45
global.js,27,js,2618d15d,LemonCastle,2025-01-22,10:35:58,-08:00,2025-01-22T10:35:58-08:00,0,17
global.js,28,js,2c190668,LemonCastle,2025-01-22,10:05:45,-08:00,2025-01-22T10:05:45-08:00,0,0
global.js,29,js,b284b1a5,LemonCastle,2025-01-29,14:44:01,-08:00,2025-01-29T14:44:01-08:00,0,0
global.js,30,js,2c190668,LemonCastle,2025-01-22,10:05:45,-08:00,2025-01-22T10:05:45-08:00,0,35
global.js,31,js,2c190668,LemonCastle,2025-01-22,10:05:45,-08:00,2025-01-22T10:05:45-08:00,0,12
global.js,32,js,2c190668,LemonCastle,2025-01-22,10:05:45,-08:00,2025-01-22T10:05:45-08:00,0,21
global.js,33,js,2c190668,LemonCastle,2025-01-22,10:05:45,-08:00,2025-01-22T10:05:45-08:00,0,13
global.js,34,js,2c190668,LemonCastle,2025-01-22,10:05:45,-08:00,2025-01-22T10:05:45-08:00,0,0
global.js,35,js,2c190668,LemonCastle,2025-01-22,10:05:45,-08:00,2025-01-22T10:05:45-08:00,0,66
global.js,36,js,2c190668,LemonCastle,2025-01-22,10:05:45,-08:00,2025-01-22T10:05:45-08:00,0,26
global.js,37,js,2c190668,LemonCastle,2025-01-22,10:05:45,-08:00,2025-01-22T10:05:45-08:00,0,0
global.js,38,js,2c190668,LemonCastle,2025-01-22,10:05:45,-08:00,2025-01-22T10:05:45-08:00,0,0
global.js,39,js,2c190668,LemonCastle,2025-01-22,10:05:45,-08:00,2025-01-22T10:05:45-08:00,0,30
global.js,40,js,2c190668,LemonCastle,2025-01-22,10:05:45,-08:00,2025-01-22T10:05:45-08:00,0,18
global.js,41,js,2c190668,LemonCastle,2025-01-22,10:05:45,-08:00,2025-01-22T10:05:45-08:00,0,0
global.js,42,js,2c190668,LemonCastle,2025-01-22,10:05:45,-08:00,2025-01-22T10:05:45-08:00,0,0
global.js,43,js,2c190668,LemonCastle,2025-01-22,10:05:45,-08:00,2025-01-22T10:05:45-08:00,0,0
global.js,44,js,2c190668,LemonCastle,2025-01-22,10:05:45,-08:00,2025-01-22T10:05:45-08:00,0,32
global.js,45,js,2c190668,LemonCastle,2025-01-22,10:05:45,-08:00,2025-01-22T10:05:45-08:00,0,12
global.js,46,js,2c190668,LemonCastle,2025-01-22,10:05:45,-08:00,2025-01-22T10:05:45-08:00,0,0
global.js,47,js,2c190668,LemonCastle,2025-01-22,10:05:45,-08:00,2025-01-22T10:05:45-08:00,0,27
global.js,48,js,2c190668,LemonCastle,2025-01-22,10:05:45,-08:00,2025-01-22T10:05:45-08:00,0,5
global.js,49,js,2c190668,LemonCastle,2025-01-22,10:05:45,-08:00,2025-01-22T10:05:45-08:00,0,7
global.js,50,js,2c190668,LemonCastle,2025-01-22,10:05:45,-08:00,2025-01-22T10:05:45-08:00,0,39
global.js,51,js,2c190668,LemonCastle,2025-01-22,10:05:45,-08:00,2025-01-22T10:05:45-08:00,0,35
global.js,52,js,2c190668,LemonCastle,2025-01-22,10:05:45,-08:00,2025-01-22T10:05:45-08:00,0,33
global.js,53,js,2c190668,LemonCastle,2025-01-22,10:05:45,-08:00,2025-01-22T10:05:45-08:00,0,8
global.js,54,js,2c190668,LemonCastle,2025-01-22,10:05:45,-08:00,2025-01-22T10:05:45-08:00,0,7
global.js,55,js,2c190668,LemonCastle,2025-01-22,10:05:45,-08:00,2025-01-22T10:05:45-08:00,0,0
global.js,56,js,2c190668,LemonCastle,2025-01-22,10:05:45,-08:00,2025-01-22T10:05:45-08:00,0,1
global.js,57,js,2c190668,LemonCastle,2025-01-22,10:05:45,-08:00,2025-01-22T10:05:45-08:00,0,0
global.js,58,js,2c190668,LemonCastle,2025-01-22,10:05:45,-08:00,2025-01-22T10:05:45-08:00,0,165
global.js,59,js,2c190668,LemonCastle,2025-01-22,10:05:45,-08:00,2025-01-22T10:05:45-08:00,0,50
global.js,60,js,2c190668,LemonCastle,2025-01-22,10:05:45,-08:00,2025-01-22T10:05:45-08:00,0,0
global.js,61,js,2c190668,LemonCastle,2025-01-22,10:05:45,-08:00,2025-01-22T10:05:45-08:00,0,78
global.js,62,js,2c190668,LemonCastle,2025-01-22,10:05:45,-08:00,2025-01-22T10:05:45-08:00,0,45
global.js,63,js,2c190668,LemonCastle,2025-01-22,10:05:45,-08:00,2025-01-22T10:05:45-08:00,0,58
global.js,64,js,2c190668,LemonCastle,2025-01-22,10:05:45,-08:00,2025-01-22T10:05:45-08:00,0,2
global.js,65,js,2c190668,LemonCastle,2025-01-22,10:05:45,-08:00,2025-01-22T10:05:45-08:00,0,0
global.js,66,js,2c190668,LemonCastle,2025-01-22,10:05:45,-08:00,2025-01-22T10:05:45-08:00,0,135
global.js,67,js,2c190668,LemonCastle,2025-01-22,10:05:45,-08:00,2025-01-22T10:05:45-08:00,0,80
global.js,68,js,2c190668,LemonCastle,2025-01-22,10:05:45,-08:00,2025-01-22T10:05:45-08:00,0,0
global.js,69,js,2c190668,LemonCastle,2025-01-22,10:05:45,-08:00,2025-01-22T10:05:45-08:00,0,78
global.js,70,js,2c190668,LemonCastle,2025-01-22,10:05:45,-08:00,2025-01-22T10:05:45-08:00,0,84
global.js,71,js,2c190668,LemonCastle,2025-01-22,10:05:45,-08:00,2025-01-22T10:05:45-08:00,0,87
global.js,72,js,2c190668,LemonCastle,2025-01-22,10:05:45,-08:00,2025-01-22T10:05:45-08:00,0,0
global.js,73,js,2c190668,LemonCastle,2025-01-22,10:05:45,-08:00,2025-01-22T10:05:45-08:00,0,0
global.js,74,js,2c190668,LemonCastle,2025-01-22,10:05:45,-08:00,2025-01-22T10:05:45-08:00,0,2
global.js,75,js,2c190668,LemonCastle,2025-01-22,10:05:45,-08:00,2025-01-22T10:05:45-08:00,0,0
global.js,76,js,2c190668,LemonCastle,2025-01-22,10:05:45,-08:00,2025-01-22T10:05:45-08:00,0,43
global.js,77,js,2c190668,LemonCastle,2025-01-22,10:05:45,-08:00,2025-01-22T10:05:45-08:00,0,0
global.js,78,js,2c190668,LemonCastle,2025-01-22,10:05:45,-08:00,2025-01-22T10:05:45-08:00,0,50
global.js,79,js,2c190668,LemonCastle,2025-01-22,10:05:45,-08:00,2025-01-22T10:05:45-08:00,0,22
global.js,80,js,2c190668,LemonCastle,2025-01-22,10:05:45,-08:00,2025-01-22T10:05:45-08:00,0,0
global.js,81,js,2c190668,LemonCastle,2025-01-22,10:05:45,-08:00,2025-01-22T10:05:45-08:00,0,31
global.js,82,js,2c190668,LemonCastle,2025-01-22,10:05:45,-08:00,2025-01-22T10:05:45-08:00,0,27
global.js,83,js,2c190668,LemonCastle,2025-01-22,10:05:45,-08:00,2025-01-22T10:05:45-08:00,0,0
global.js,84,js,2c190668,LemonCastle,2025-01-22,10:05:45,-08:00,2025-01-22T10:05:45-08:00,0,32
global.js,85,js,2c190668,LemonCastle,2025-01-22,10:05:45,-08:00,2025-01-22T10:05:45-08:00,0,33
global.js,86,js,2c190668,LemonCastle,2025-01-22,10:05:45,-08:00,2025-01-22T10:05:45-08:00,0,26
global.js,87,js,2c190668,LemonCastle,2025-01-22,10:05:45,-08:00,2025-01-22T10:05:45-08:00,0,0
global.js,88,js,2c190668,LemonCastle,2025-01-22,10:05:45,-08:00,2025-01-22T10:05:45-08:00,0,0
global.js,89,js,2c190668,LemonCastle,2025-01-22,10:05:45,-08:00,2025-01-22T10:05:45-08:00,0,22
global.js,90,js,2c190668,LemonCastle,2025-01-22,10:05:45,-08:00,2025-01-22T10:05:45-08:00,0,19
global.js,91,js,c4e23ca6,LemonCastle,2025-01-28,13:11:32,-08:00,2025-01-28T13:11:32-08:00,0,2
global.js,92,js,c4e23ca6,LemonCastle,2025-01-28,13:11:32,-08:00,2025-01-28T13:11:32-08:00,0,0
global.js,93,js,b284b1a5,LemonCastle,2025-01-29,14:44:01,-08:00,2025-01-29T14:44:01-08:00,0,37
global.js,94,js,b284b1a5,LemonCastle,2025-01-29,14:44:01,-08:00,2025-01-29T14:44:01-08:00,0,4
global.js,95,js,b284b1a5,LemonCastle,2025-01-29,14:44:01,-08:00,2025-01-29T14:44:01-08:00,0,40
global.js,96,js,b284b1a5,LemonCastle,2025-01-29,14:44:01,-08:00,2025-01-29T14:44:01-08:00,0,33
global.js,97,js,b284b1a5,LemonCastle,2025-01-29,14:44:01,-08:00,2025-01-29T14:44:01-08:00,0,0
global.js,98,js,b284b1a5,LemonCastle,2025-01-29,14:44:01,-08:00,2025-01-29T14:44:01-08:00,0,57
global.js,99,js,b284b1a5,LemonCastle,2025-01-29,14:44:01,-08:00,2025-01-29T14:44:01-08:00,0,67
global.js,100,js,b284b1a5,LemonCastle,2025-01-29,14:44:01,-08:00,2025-01-29T14:44:01-08:00,0,0
global.js,101,js,b284b1a5,LemonCastle,2025-01-29,14:44:01,-08:00,2025-01-29T14:44:01-08:00,0,0
global.js,102,js,b284b1a5,LemonCastle,2025-01-29,14:44:01,-08:00,2025-01-29T14:44:01-08:00,0,68
global.js,103,js,b284b1a5,LemonCastle,2025-01-29,14:44:01,-08:00,2025-01-29T14:44:01-08:00,0,11
global.js,104,js,b284b1a5,LemonCastle,2025-01-29,14:44:01,-08:00,2025-01-29T14:44:01-08:00,0,0
global.js,105,js,b284b1a5,LemonCastle,2025-01-29,14:44:01,-08:00,2025-01-29T14:44:01-08:00,0,16
global.js,106,js,b284b1a5,LemonCastle,2025-01-29,14:44:01,-08:00,2025-01-29T14:44:01-08:00,0,60
global.js,107,js,b284b1a5,LemonCastle,2025-01-29,14:44:01,-08:00,2025-01-29T14:44:01-08:00,0,0
global.js,108,js,b284b1a5,LemonCastle,2025-01-29,14:44:01,-08:00,2025-01-29T14:44:01-08:00,0,0
global.js,109,js,b284b1a5,LemonCastle,2025-01-29,14:44:01,-08:00,2025-01-29T14:44:01-08:00,0,0
global.js,110,js,b284b1a5,LemonCastle,2025-01-29,14:44:01,-08:00,2025-01-29T14:44:01-08:00,0,79
global.js,111,js,b284b1a5,LemonCastle,2025-01-29,14:44:01,-08:00,2025-01-29T14:44:01-08:00,0,79
global.js,112,js,b284b1a5,LemonCastle,2025-01-29,14:44:01,-08:00,2025-01-29T14:44:01-08:00,0,35
global.js,113,js,b284b1a5,LemonCastle,2025-01-29,14:44:01,-08:00,2025-01-29T14:44:01-08:00,0,6
global.js,114,js,b284b1a5,LemonCastle,2025-01-29,14:44:01,-08:00,2025-01-29T14:44:01-08:00,0,0
global.js,115,js,b284b1a5,LemonCastle,2025-01-29,14:44:01,-08:00,2025-01-29T14:44:01-08:00,0,0
global.js,116,js,b284b1a5,LemonCastle,2025-01-29,14:44:01,-08:00,2025-01-29T14:44:01-08:00,0,48
global.js,117,js,b284b1a5,LemonCastle,2025-01-29,14:44:01,-08:00,2025-01-29T14:44:01-08:00,0,0
global.js,118,js,b284b1a5,LemonCastle,2025-01-29,14:44:01,-08:00,2025-01-29T14:44:01-08:00,0,65
global.js,119,js,b284b1a5,LemonCastle,2025-01-29,14:44:01,-08:00,2025-01-29T14:44:01-08:00,0,73
global.js,120,js,b284b1a5,LemonCastle,2025-01-29,14:44:01,-08:00,2025-01-29T14:44:01-08:00,0,41
global.js,121,js,b284b1a5,LemonCastle,2025-01-29,14:44:01,-08:00,2025-01-29T14:44:01-08:00,0,40
global.js,122,js,b284b1a5,LemonCastle,2025-01-29,14:44:01,-08:00,2025-01-29T14:44:01-08:00,0,69
global.js,123,js,c6df6026,LemonCastle,2025-02-06,21:21:48,-08:00,2025-02-06T21:21:48-08:00,0,30
global.js,124,js,b284b1a5,LemonCastle,2025-01-29,14:44:01,-08:00,2025-01-29T14:44:01-08:00,0,0
global.js,125,js,b284b1a5,LemonCastle,2025-01-29,14:44:01,-08:00,2025-01-29T14:44:01-08:00,0,49
global.js,126,js,c4e23ca6,LemonCastle,2025-01-28,13:11:32,-08:00,2025-01-28T13:11:32-08:00,0,0
global.js,127,js,b284b1a5,LemonCastle,2025-01-29,14:44:01,-08:00,2025-01-29T14:44:01-08:00,0,20
global.js,128,js,b284b1a5,LemonCastle,2025-01-29,14:44:01,-08:00,2025-01-29T14:44:01-08:00,0,42
global.js,129,js,b284b1a5,LemonCastle,2025-01-29,14:44:01,-08:00,2025-01-29T14:44:01-08:00,0,34
global.js,130,js,b284b1a5,LemonCastle,2025-01-29,14:44:01,-08:00,2025-01-29T14:44:01-08:00,0,20
global.js,131,js,c6df6026,LemonCastle,2025-02-06,21:21:48,-08:00,2025-02-06T21:21:48-08:00,0,16
global.js,132,js,b284b1a5,LemonCastle,2025-01-29,14:44:01,-08:00,2025-01-29T14:44:01-08:00,0,1
global.js,133,js,b284b1a5,LemonCastle,2025-01-29,14:44:01,-08:00,2025-01-29T14:44:01-08:00,0,0
global.js,134,js,b284b1a5,LemonCastle,2025-01-29,14:44:01,-08:00,2025-01-29T14:44:01-08:00,0,37
global.js,135,js,b284b1a5,LemonCastle,2025-01-29,14:44:01,-08:00,2025-01-29T14:44:01-08:00,0,2
global.js,136,js,b284b1a5,LemonCastle,2025-01-29,14:44:01,-08:00,2025-01-29T14:44:01-08:00,0,0
global.js,137,js,b284b1a5,LemonCastle,2025-01-29,14:44:01,-08:00,2025-01-29T14:44:01-08:00,0,0
global.js,138,js,b284b1a5,LemonCastle,2025-01-29,14:44:01,-08:00,2025-01-29T14:44:01-08:00,0,48
global.js,139,js,b284b1a5,LemonCastle,2025-01-29,14:44:01,-08:00,2025-01-29T14:44:01-08:00,0,60
global.js,140,js,b284b1a5,LemonCastle,2025-01-29,14:44:01,-08:00,2025-01-29T14:44:01-08:00,0,0
resume/index.html,1,html,2587c932,lemoncastle,2025-01-09,20:50:44,-08:00,2025-01-09T20:50:44-08:00,0,14
resume/index.html,2,html,2587c932,lemoncastle,2025-01-09,20:50:44,-08:00,2025-01-09T20:50:44-08:00,0,15
resume/index.html,3,html,2587c932,lemoncastle,2025-01-09,20:50:44,-08:00,2025-01-09T20:50:44-08:00,0,5
resume/index.html,4,html,2587c932,lemoncastle,2025-01-09,20:50:44,-08:00,2025-01-09T20:50:44-08:00,0,21
resume/index.html,5,html,2587c932,lemoncastle,2025-01-09,20:50:44,-08:00,2025-01-09T20:50:44-08:00,0,69
resume/index.html,6,html,2c190668,LemonCastle,2025-01-22,10:05:45,-08:00,2025-01-22T10:05:45-08:00,0,20
resume/index.html,7,html,2587c932,lemoncastle,2025-01-09,20:50:44,-08:00,2025-01-09T20:50:44-08:00,0,42
resume/index.html,8,html,2c190668,LemonCastle,2025-01-22,10:05:45,-08:00,2025-01-22T10:05:45-08:00,0,49
resume/index.html,9,html,2587c932,lemoncastle,2025-01-09,20:50:44,-08:00,2025-01-09T20:50:44-08:00,0,6
resume/index.html,10,html,2587c932,lemoncastle,2025-01-09,20:50:44,-08:00,2025-01-09T20:50:44-08:00,0,5
resume/index.html,11,html,24d1b25f,lemoncastle,2025-01-09,21:15:33,-08:00,2025-01-09T21:15:33-08:00,0,20
resume/index.html,12,html,2c190668,LemonCastle,2025-01-22,10:05:45,-08:00,2025-01-22T10:05:45-08:00,0,0
resume/index.html,13,html,24d1b25f,lemoncastle,2025-01-09,21:15:33,-08:00,2025-01-09T21:15:33-08:00,0,62
resume/index.html,14,html,24d1b25f,lemoncastle,2025-01-09,21:15:33,-08:00,2025-01-09T21:15:33-08:00,0,0
resume/index.html,15,html,24d1b25f,lemoncastle,2025-01-09,21:15:33,-08:00,2025-01-09T21:15:33-08:00,0,7
resume/index.html,16,html,03647ab2,lemoncastle,2025-01-11,16:02:16,-08:00,2025-01-11T16:02:16-08:00,0,16
resume/index.html,17,html,24d1b25f,lemoncastle,2025-01-09,21:15:33,-08:00,2025-01-09T21:15:33-08:00,0,156
resume/index.html,18,html,24d1b25f,lemoncastle,2025-01-09,21:15:33,-08:00,2025-01-09T21:15:33-08:00,0,8
resume/index.html,19,html,24d1b25f,lemoncastle,2025-01-09,21:15:33,-08:00,2025-01-09T21:15:33-08:00,0,3
resume/index.html,20,html,24d1b25f,lemoncastle,2025-01-09,21:15:33,-08:00,2025-01-09T21:15:33-08:00,0,0
resume/index.html,21,html,24d1b25f,lemoncastle,2025-01-09,21:15:33,-08:00,2025-01-09T21:15:33-08:00,0,8
resume/index.html,22,html,24d1b25f,lemoncastle,2025-01-09,21:15:33,-08:00,2025-01-09T21:15:33-08:00,0,17
resume/index.html,23,html,24d1b25f,lemoncastle,2025-01-09,21:15:33,-08:00,2025-01-09T21:15:33-08:00,0,354
resume/index.html,24,html,24d1b25f,lemoncastle,2025-01-09,21:15:33,-08:00,2025-01-09T21:15:33-08:00,0,9
resume/index.html,25,html,24d1b25f,lemoncastle,2025-01-09,21:15:33,-08:00,2025-01-09T21:15:33-08:00,0,0
resume/index.html,26,html,24d1b25f,lemoncastle,2025-01-09,21:15:33,-08:00,2025-01-09T21:15:33-08:00,0,8
resume/index.html,27,html,24d1b25f,lemoncastle,2025-01-09,21:15:33,-08:00,2025-01-09T21:15:33-08:00,0,22
resume/index.html,28,html,24d1b25f,lemoncastle,2025-01-09,21:15:33,-08:00,2025-01-09T21:15:33-08:00,0,3
resume/index.html,29,html,24d1b25f,lemoncastle,2025-01-09,21:15:33,-08:00,2025-01-09T21:15:33-08:00,0,77
resume/index.html,30,html,24d1b25f,lemoncastle,2025-01-09,21:15:33,-08:00,2025-01-09T21:15:33-08:00,0,41
resume/index.html,31,html,24d1b25f,lemoncastle,2025-01-09,21:15:33,-08:00,2025-01-09T21:15:33-08:00,0,4
resume/index.html,32,html,24d1b25f,lemoncastle,2025-01-09,21:15:33,-08:00,2025-01-09T21:15:33-08:00,0,9
resume/index.html,33,html,24d1b25f,lemoncastle,2025-01-09,21:15:33,-08:00,2025-01-09T21:15:33-08:00,0,0
resume/index.html,34,html,24d1b25f,lemoncastle,2025-01-09,21:15:33,-08:00,2025-01-09T21:15:33-08:00,0,8
resume/index.html,35,html,24d1b25f,lemoncastle,2025-01-09,21:15:33,-08:00,2025-01-09T21:15:33-08:00,0,19
resume/index.html,36,html,24d1b25f,lemoncastle,2025-01-09,21:15:33,-08:00,2025-01-09T21:15:33-08:00,0,4
resume/index.html,37,html,24d1b25f,lemoncastle,2025-01-09,21:15:33,-08:00,2025-01-09T21:15:33-08:00,0,33
resume/index.html,38,html,24d1b25f,lemoncastle,2025-01-09,21:15:33,-08:00,2025-01-09T21:15:33-08:00,0,48
resume/index.html,39,html,24d1b25f,lemoncastle,2025-01-09,21:15:33,-08:00,2025-01-09T21:15:33-08:00,0,3
resume/index.html,40,html,24d1b25f,lemoncastle,2025-01-09,21:15:33,-08:00,2025-01-09T21:15:33-08:00,0,82
resume/index.html,41,html,24d1b25f,lemoncastle,2025-01-09,21:15:33,-08:00,2025-01-09T21:15:33-08:00,0,78
resume/index.html,42,html,24d1b25f,lemoncastle,2025-01-09,21:15:33,-08:00,2025-01-09T21:15:33-08:00,0,121
resume/index.html,43,html,24d1b25f,lemoncastle,2025-01-09,21:15:33,-08:00,2025-01-09T21:15:33-08:00,0,4
resume/index.html,44,html,24d1b25f,lemoncastle,2025-01-09,21:15:33,-08:00,2025-01-09T21:15:33-08:00,0,5
resume/index.html,45,html,24d1b25f,lemoncastle,2025-01-09,21:15:33,-08:00,2025-01-09T21:15:33-08:00,0,4
resume/index.html,46,html,24d1b25f,lemoncastle,2025-01-09,21:15:33,-08:00,2025-01-09T21:15:33-08:00,0,24
resume/index.html,47,html,24d1b25f,lemoncastle,2025-01-09,21:15:33,-08:00,2025-01-09T21:15:33-08:00,0,51
resume/index.html,48,html,24d1b25f,lemoncastle,2025-01-09,21:15:33,-08:00,2025-01-09T21:15:33-08:00,0,3
resume/index.html,49,html,24d1b25f,lemoncastle,2025-01-09,21:15:33,-08:00,2025-01-09T21:15:33-08:00,0,82
resume/index.html,50,html,24d1b25f,lemoncastle,2025-01-09,21:15:33,-08:00,2025-01-09T21:15:33-08:00,0,83
resume/index.html,51,html,24d1b25f,lemoncastle,2025-01-09,21:15:33,-08:00,2025-01-09T21:15:33-08:00,0,88
resume/index.html,52,html,24d1b25f,lemoncastle,2025-01-09,21:15:33,-08:00,2025-01-09T21:15:33-08:00,0,4
resume/index.html,53,html,24d1b25f,lemoncastle,2025-01-09,21:15:33,-08:00,2025-01-09T21:15:33-08:00,0,5
resume/index.html,54,html,24d1b25f,lemoncastle,2025-01-09,21:15:33,-08:00,2025-01-09T21:15:33-08:00,0,9
resume/index.html,55,html,24d1b25f,lemoncastle,2025-01-09,21:15:33,-08:00,2025-01-09T21:15:33-08:00,0,0
resume/index.html,56,html,24d1b25f,lemoncastle,2025-01-09,21:15:33,-08:00,2025-01-09T21:15:33-08:00,0,8
resume/index.html,57,html,24d1b25f,lemoncastle,2025-01-09,21:15:33,-08:00,2025-01-09T21:15:33-08:00,0,25
resume/index.html,58,html,24d1b25f,lemoncastle,2025-01-09,21:15:33,-08:00,2025-01-09T21:15:33-08:00,0,38
resume/index.html,59,html,24d1b25f,lemoncastle,2025-01-09,21:15:33,-08:00,2025-01-09T21:15:33-08:00,0,3
resume/index.html,60,html,24d1b25f,lemoncastle,2025-01-09,21:15:33,-08:00,2025-01-09T21:15:33-08:00,0,132
resume/index.html,61,html,24d1b25f,lemoncastle,2025-01-09,21:15:33,-08:00,2025-01-09T21:15:33-08:00,0,73
resume/index.html,62,html,24d1b25f,lemoncastle,2025-01-09,21:15:33,-08:00,2025-01-09T21:15:33-08:00,0,35
resume/index.html,63,html,24d1b25f,lemoncastle,2025-01-09,21:15:33,-08:00,2025-01-09T21:15:33-08:00,0,4
resume/index.html,64,html,24d1b25f,lemoncastle,2025-01-09,21:15:33,-08:00,2025-01-09T21:15:33-08:00,0,9
resume/index.html,65,html,24d1b25f,lemoncastle,2025-01-09,21:15:33,-08:00,2025-01-09T21:15:33-08:00,0,0
resume/index.html,66,html,24d1b25f,lemoncastle,2025-01-09,21:15:33,-08:00,2025-01-09T21:15:33-08:00,0,8
resume/index.html,67,html,24d1b25f,lemoncastle,2025-01-09,21:15:33,-08:00,2025-01-09T21:15:33-08:00,0,17
resume/index.html,68,html,24d1b25f,lemoncastle,2025-01-09,21:15:33,-08:00,2025-01-09T21:15:33-08:00,0,81
resume/index.html,69,html,24d1b25f,lemoncastle,2025-01-09,21:15:33,-08:00,2025-01-09T21:15:33-08:00,0,9
resume/index.html,70,html,24d1b25f,lemoncastle,2025-01-09,21:15:33,-08:00,2025-01-09T21:15:33-08:00,0,0
resume/index.html,71,html,2587c932,lemoncastle,2025-01-09,20:50:44,-08:00,2025-01-09T20:50:44-08:00,0,6
resume/index.html,72,html,2587c932,lemoncastle,2025-01-09,20:50:44,-08:00,2025-01-09T20:50:44-08:00,0,6
projects/projects.js,1,js,b284b1a5,LemonCastle,2025-01-29,14:44:01,-08:00,2025-01-29T14:44:01-08:00,0,56
projects/projects.js,2,js,c6df6026,LemonCastle,2025-02-06,21:21:48,-08:00,2025-02-06T21:21:48-08:00,0,64
projects/projects.js,3,js,c6df6026,LemonCastle,2025-02-06,21:21:48,-08:00,2025-02-06T21:21:48-08:00,0,0
projects/projects.js,4,js,b284b1a5,LemonCastle,2025-01-29,14:44:01,-08:00,2025-01-29T14:44:01-08:00,0,56
projects/projects.js,5,js,b284b1a5,LemonCastle,2025-01-29,14:44:01,-08:00,2025-01-29T14:44:01-08:00,0,0
projects/projects.js,6,js,b284b1a5,LemonCastle,2025-01-29,14:44:01,-08:00,2025-01-29T14:44:01-08:00,0,61
projects/projects.js,7,js,b284b1a5,LemonCastle,2025-01-29,14:44:01,-08:00,2025-01-29T14:44:01-08:00,0,49
projects/projects.js,8,js,b284b1a5,LemonCastle,2025-01-29,14:44:01,-08:00,2025-01-29T14:44:01-08:00,0,0
projects/projects.js,9,js,b284b1a5,LemonCastle,2025-01-29,14:44:01,-08:00,2025-01-29T14:44:01-08:00,0,70
projects/projects.js,10,js,b284b1a5,LemonCastle,2025-01-29,14:44:01,-08:00,2025-01-29T14:44:01-08:00,0,0
projects/projects.js,11,js,b284b1a5,LemonCastle,2025-01-29,14:44:01,-08:00,2025-01-29T14:44:01-08:00,0,26
projects/projects.js,12,js,fbb0b18b,lemoncastle,2025-01-29,15:27:58,-08:00,2025-01-29T15:27:58-08:00,0,83
projects/projects.js,13,js,c6df6026,LemonCastle,2025-02-06,21:21:48,-08:00,2025-02-06T21:21:48-08:00,0,0
projects/projects.js,14,js,c6df6026,LemonCastle,2025-02-06,21:21:48,-08:00,2025-02-06T21:21:48-08:00,0,0
projects/projects.js,15,js,5b733979,lemoncastle,2025-02-07,20:21:32,-08:00,2025-02-07T20:21:32-08:00,0,22
projects/projects.js,16,js,5b733979,lemoncastle,2025-02-07,20:21:32,-08:00,2025-02-07T20:21:32-08:00,0,14
projects/projects.js,17,js,5b733979,lemoncastle,2025-02-07,20:21:32,-08:00,2025-02-07T20:21:32-08:00,0,12
projects/projects.js,18,js,c6df6026,LemonCastle,2025-02-06,21:21:48,-08:00,2025-02-06T21:21:48-08:00,0,0
projects/projects.js,19,js,5b733979,lemoncastle,2025-02-07,20:21:32,-08:00,2025-02-07T20:21:32-08:00,0,39
projects/projects.js,20,js,5b733979,lemoncastle,2025-02-07,20:21:32,-08:00,2025-02-07T20:21:32-08:00,0,29
projects/projects.js,21,js,5b733979,lemoncastle,2025-02-07,20:21:32,-08:00,2025-02-07T20:21:32-08:00,0,33
projects/projects.js,22,js,5b733979,lemoncastle,2025-02-07,20:21:32,-08:00,2025-02-07T20:21:32-08:00,0,44
projects/projects.js,23,js,5b733979,lemoncastle,2025-02-07,20:21:32,-08:00,2025-02-07T20:21:32-08:00,0,0
projects/projects.js,24,js,5b733979,lemoncastle,2025-02-07,20:21:32,-08:00,2025-02-07T20:21:32-08:00,0,53
projects/projects.js,25,js,5b733979,lemoncastle,2025-02-07,20:21:32,-08:00,2025-02-07T20:21:32-08:00,0,57
projects/projects.js,26,js,c6df6026,LemonCastle,2025-02-06,21:21:48,-08:00,2025-02-06T21:21:48-08:00,0,0
projects/projects.js,27,js,5b733979,lemoncastle,2025-02-07,20:21:32,-08:00,2025-02-07T20:21:32-08:00,0,58
projects/projects.js,28,js,eed1554e,lemoncastle,2025-02-06,21:54:49,-08:00,2025-02-06T21:54:49-08:00,0,0
projects/projects.js,29,js,5b733979,lemoncastle,2025-02-07,20:21:32,-08:00,2025-02-07T20:21:32-08:00,0,16
projects/projects.js,30,js,5b733979,lemoncastle,2025-02-07,20:21:32,-08:00,2025-02-07T20:21:32-08:00,0,27
projects/projects.js,31,js,5b733979,lemoncastle,2025-02-07,20:21:32,-08:00,2025-02-07T20:21:32-08:00,0,13
projects/projects.js,32,js,5b733979,lemoncastle,2025-02-07,20:21:32,-08:00,2025-02-07T20:21:32-08:00,0,15
projects/projects.js,33,js,5b733979,lemoncastle,2025-02-07,20:21:32,-08:00,2025-02-07T20:21:32-08:00,0,13
projects/projects.js,34,js,5b733979,lemoncastle,2025-02-07,20:21:32,-08:00,2025-02-07T20:21:32-08:00,0,1
projects/projects.js,35,js,5b733979,lemoncastle,2025-02-07,20:21:32,-08:00,2025-02-07T20:21:32-08:00,0,0
projects/projects.js,36,js,5b733979,lemoncastle,2025-02-07,20:21:32,-08:00,2025-02-07T20:21:32-08:00,0,41
projects/projects.js,37,js,5b733979,lemoncastle,2025-02-07,20:21:32,-08:00,2025-02-07T20:21:32-08:00,0,36
projects/projects.js,38,js,5b733979,lemoncastle,2025-02-07,20:21:32,-08:00,2025-02-07T20:21:32-08:00,0,2
projects/projects.js,39,js,5b733979,lemoncastle,2025-02-07,20:21:32,-08:00,2025-02-07T20:21:32-08:00,0,0
projects/projects.js,40,js,5b733979,lemoncastle,2025-02-07,20:21:32,-08:00,2025-02-07T20:21:32-08:00,0,51
projects/projects.js,41,js,5b733979,lemoncastle,2025-02-07,20:21:32,-08:00,2025-02-07T20:21:32-08:00,0,34
projects/projects.js,42,js,5b733979,lemoncastle,2025-02-07,20:21:32,-08:00,2025-02-07T20:21:32-08:00,0,48
projects/projects.js,43,js,5b733979,lemoncastle,2025-02-07,20:21:32,-08:00,2025-02-07T20:21:32-08:00,0,0
projects/projects.js,44,js,5b733979,lemoncastle,2025-02-07,20:21:32,-08:00,2025-02-07T20:21:32-08:00,0,26
projects/projects.js,45,js,5b733979,lemoncastle,2025-02-07,20:21:32,-08:00,2025-02-07T20:21:32-08:00,0,17
projects/projects.js,46,js,5b733979,lemoncastle,2025-02-07,20:21:32,-08:00,2025-02-07T20:21:32-08:00,0,26
projects/projects.js,47,js,5b733979,lemoncastle,2025-02-07,20:21:32,-08:00,2025-02-07T20:21:32-08:00,0,23
projects/projects.js,48,js,5b733979,lemoncastle,2025-02-07,20:21:32,-08:00,2025-02-07T20:21:32-08:00,0,17
projects/projects.js,49,js,5b733979,lemoncastle,2025-02-07,20:21:32,-08:00,2025-02-07T20:21:32-08:00,0,44
projects/projects.js,50,js,5b733979,lemoncastle,2025-02-07,20:21:32,-08:00,2025-02-07T20:21:32-08:00,0,2
projects/projects.js,51,js,5b733979,lemoncastle,2025-02-07,20:21:32,-08:00,2025-02-07T20:21:32-08:00,0,17
projects/projects.js,52,js,5b733979,lemoncastle,2025-02-07,20:21:32,-08:00,2025-02-07T20:21:32-08:00,0,67
projects/projects.js,53,js,5b733979,lemoncastle,2025-02-07,20:21:32,-08:00,2025-02-07T20:21:32-08:00,0,0
projects/projects.js,54,js,5b733979,lemoncastle,2025-02-07,20:21:32,-08:00,2025-02-07T20:21:32-08:00,0,5
projects/projects.js,55,js,5b733979,lemoncastle,2025-02-07,20:21:32,-08:00,2025-02-07T20:21:32-08:00,0,15
projects/projects.js,56,js,5b733979,lemoncastle,2025-02-07,20:21:32,-08:00,2025-02-07T20:21:32-08:00,0,69
projects/projects.js,57,js,5b733979,lemoncastle,2025-02-07,20:21:32,-08:00,2025-02-07T20:21:32-08:00,0,0
projects/projects.js,58,js,5b733979,lemoncastle,2025-02-07,20:21:32,-08:00,2025-02-07T20:21:32-08:00,0,28
projects/projects.js,59,js,5b733979,lemoncastle,2025-02-07,20:21:32,-08:00,2025-02-07T20:21:32-08:00,0,2
projects/projects.js,60,js,5b733979,lemoncastle,2025-02-07,20:21:32,-08:00,2025-02-07T20:21:32-08:00,0,2
projects/projects.js,61,js,5b733979,lemoncastle,2025-02-07,20:21:32,-08:00,2025-02-07T20:21:32-08:00,0,0
projects/projects.js,62,js,5b733979,lemoncastle,2025-02-07,20:21:32,-08:00,2025-02-07T20:21:32-08:00,0,33
projects/projects.js,63,js,5b733979,lemoncastle,2025-02-07,20:21:32,-08:00,2025-02-07T20:21:32-08:00,0,25
projects/projects.js,64,js,5b733979,lemoncastle,2025-02-07,20:21:32,-08:00,2025-02-07T20:21:32-08:00,0,18
projects/projects.js,65,js,5b733979,lemoncastle,2025-02-07,20:21:32,-08:00,2025-02-07T20:21:32-08:00,0,39
projects/projects.js,66,js,5b733979,lemoncastle,2025-02-07,20:21:32,-08:00,2025-02-07T20:21:32-08:00,0,69
projects/projects.js,67,js,5b733979,lemoncastle,2025-02-07,20:21:32,-08:00,2025-02-07T20:21:32-08:00,0,2
projects/projects.js,68,js,5b733979,lemoncastle,2025-02-07,20:21:32,-08:00,2025-02-07T20:21:32-08:00,0,0
projects/projects.js,69,js,c6df6026,LemonCastle,2025-02-06,21:21:48,-08:00,2025-02-06T21:21:48-08:00,0,0
projects/projects.js,70,js,5b733979,lemoncastle,2025-02-07,20:21:32,-08:00,2025-02-07T20:21:32-08:00,0,38
projects/projects.js,71,js,5b733979,lemoncastle,2025-02-07,20:21:32,-08:00,2025-02-07T20:21:32-08:00,0,31
projects/projects.js,72,js,c6df6026,LemonCastle,2025-02-06,21:21:48,-08:00,2025-02-06T21:21:48-08:00,0,0
projects/projects.js,73,js,5b733979,lemoncastle,2025-02-07,20:21:32,-08:00,2025-02-07T20:21:32-08:00,0,11
projects/projects.js,74,js,5b733979,lemoncastle,2025-02-07,20:21:32,-08:00,2025-02-07T20:21:32-08:00,0,54
projects/projects.js,75,js,5b733979,lemoncastle,2025-02-07,20:21:32,-08:00,2025-02-07T20:21:32-08:00,0,61
projects/projects.js,76,js,5b733979,lemoncastle,2025-02-07,20:21:32,-08:00,2025-02-07T20:21:32-08:00,0,1
projects/projects.js,77,js,5b733979,lemoncastle,2025-02-07,20:21:32,-08:00,2025-02-07T20:21:32-08:00,0,0
projects/projects.js,78,js,c6df6026,LemonCastle,2025-02-06,21:21:48,-08:00,2025-02-06T21:21:48-08:00,0,0
projects/projects.js,79,js,5b733979,lemoncastle,2025-02-07,20:21:32,-08:00,2025-02-07T20:21:32-08:00,0,26
projects/projects.js,80,js,5b733979,lemoncastle,2025-02-07,20:21:32,-08:00,2025-02-07T20:21:32-08:00,0,69
projects/projects.js,81,js,5b733979,lemoncastle,2025-02-07,20:21:32,-08:00,2025-02-07T20:21:32-08:00,0,86
projects/projects.js,82,js,5b733979,lemoncastle,2025-02-07,20:21:32,-08:00,2025-02-07T20:21:32-08:00,0,0
projects/projects.js,83,js,eed1554e,lemoncastle,2025-02-06,21:54:49,-08:00,2025-02-06T21:54:49-08:00,0,0
projects/projects.js,84,js,5b733979,lemoncastle,2025-02-07,20:21:32,-08:00,2025-02-07T20:21:32-08:00,0,57
projects/projects.js,85,js,5b733979,lemoncastle,2025-02-07,20:21:32,-08:00,2025-02-07T20:21:32-08:00,0,0
projects/projects.js,86,js,c6df6026,LemonCastle,2025-02-06,21:21:48,-08:00,2025-02-06T21:21:48-08:00,0,0
projects/projects.js,87,js,5b733979,lemoncastle,2025-02-07,20:21:32,-08:00,2025-02-07T20:21:32-08:00,0,24
projects/projects.js,88,js,eed1554e,lemoncastle,2025-02-06,21:54:49,-08:00,2025-02-06T21:54:49-08:00,0,0
projects/projects.js,89,js,eed1554e,lemoncastle,2025-02-06,21:54:49,-08:00,2025-02-06T21:54:49-08:00,0,54
projects/projects.js,90,js,eed1554e,lemoncastle,2025-02-06,21:54:49,-08:00,2025-02-06T21:54:49-08:00,0,0
projects/projects.js,91,js,5b733979,lemoncastle,2025-02-07,20:21:32,-08:00,2025-02-07T20:21:32-08:00,0,49
projects/projects.js,92,js,5b733979,lemoncastle,2025-02-07,20:21:32,-08:00,2025-02-07T20:21:32-08:00,0,40
projects/projects.js,93,js,9f7d51a6,lemoncastle,2025-02-07,20:30:08,-08:00,2025-02-07T20:30:08-08:00,0,18
projects/projects.js,94,js,5b733979,lemoncastle,2025-02-07,20:21:32,-08:00,2025-02-07T20:21:32-08:00,0,48
projects/projects.js,95,js,5b733979,lemoncastle,2025-02-07,20:21:32,-08:00,2025-02-07T20:21:32-08:00,0,61
projects/projects.js,96,js,5b733979,lemoncastle,2025-02-07,20:21:32,-08:00,2025-02-07T20:21:32-08:00,0,1
projects/projects.js,97,js,cee8b5f8,lemoncastle,2025-02-07,20:50:32,-08:00,2025-02-07T20:50:32-08:00,0,0
projects/projects.js,98,js,5b733979,lemoncastle,2025-02-07,20:21:32,-08:00,2025-02-07T20:21:32-08:00,0,28
projects/projects.js,99,js,5b733979,lemoncastle,2025-02-07,20:21:32,-08:00,2025-02-07T20:21:32-08:00,0,61
projects/projects.js,100,js,eed1554e,lemoncastle,2025-02-06,21:54:49,-08:00,2025-02-06T21:54:49-08:00,0,2
projects/index.html,1,html,f7d91b58,LemonCastle,2025-01-09,13:21:55,-08:00,2025-01-09T13:21:55-08:00,0,14
projects/index.html,2,html,f7d91b58,LemonCastle,2025-01-09,13:21:55,-08:00,2025-01-09T13:21:55-08:00,0,15
projects/index.html,3,html,f7d91b58,LemonCastle,2025-01-09,13:21:55,-08:00,2025-01-09T13:21:55-08:00,0,5
projects/index.html,4,html,f7d91b58,LemonCastle,2025-01-09,13:21:55,-08:00,2025-01-09T13:21:55-08:00,0,21
projects/index.html,5,html,f7d91b58,LemonCastle,2025-01-09,13:21:55,-08:00,2025-01-09T13:21:55-08:00,0,69
projects/index.html,6,html,2c190668,LemonCastle,2025-01-22,10:05:45,-08:00,2025-01-22T10:05:45-08:00,0,22
projects/index.html,7,html,1e06bd61,lemoncastle,2025-01-09,20:24:51,-08:00,2025-01-09T20:24:51-08:00,0,42
projects/index.html,8,html,2c190668,LemonCastle,2025-01-22,10:05:45,-08:00,2025-01-22T10:05:45-08:00,0,49
projects/index.html,9,html,f7d91b58,LemonCastle,2025-01-09,13:21:55,-08:00,2025-01-09T13:21:55-08:00,0,6
projects/index.html,10,html,f7d91b58,LemonCastle,2025-01-09,13:21:55,-08:00,2025-01-09T13:21:55-08:00,0,5
projects/index.html,11,html,b284b1a5,LemonCastle,2025-01-29,14:44:01,-08:00,2025-01-29T14:44:01-08:00,0,39
projects/index.html,12,html,c6df6026,LemonCastle,2025-02-06,21:21:48,-08:00,2025-02-06T21:21:48-08:00,0,0
projects/index.html,13,html,c6df6026,LemonCastle,2025-02-06,21:21:48,-08:00,2025-02-06T21:21:48-08:00,0,22
projects/index.html,14,html,c6df6026,LemonCastle,2025-02-06,21:21:48,-08:00,2025-02-06T21:21:48-08:00,0,51
projects/index.html,15,html,c6df6026,LemonCastle,2025-02-06,21:21:48,-08:00,2025-02-06T21:21:48-08:00,0,23
projects/index.html,16,html,c6df6026,LemonCastle,2025-02-06,21:21:48,-08:00,2025-02-06T21:21:48-08:00,0,5
projects/index.html,17,html,eed1554e,lemoncastle,2025-02-06,21:54:49,-08:00,2025-02-06T21:54:49-08:00,0,0
projects/index.html,18,html,eed1554e,lemoncastle,2025-02-06,21:54:49,-08:00,2025-02-06T21:54:49-08:00,0,5
projects/index.html,19,html,eed1554e,lemoncastle,2025-02-06,21:54:49,-08:00,2025-02-06T21:54:49-08:00,0,16
projects/index.html,20,html,eed1554e,lemoncastle,2025-02-06,21:54:49,-08:00,2025-02-06T21:54:49-08:00,0,12
projects/index.html,21,html,eed1554e,lemoncastle,2025-02-06,21:54:49,-08:00,2025-02-06T21:54:49-08:00,0,27
projects/index.html,22,html,eed1554e,lemoncastle,2025-02-06,21:54:49,-08:00,2025-02-06T21:54:49-08:00,0,32
projects/index.html,23,html,eed1554e,lemoncastle,2025-02-06,21:54:49,-08:00,2025-02-06T21:54:49-08:00,0,1
projects/index.html,24,html,c6df6026,LemonCastle,2025-02-06,21:21:48,-08:00,2025-02-06T21:21:48-08:00,0,0
projects/index.html,25,html,fbb0b18b,lemoncastle,2025-01-29,15:27:58,-08:00,2025-01-29T15:27:58-08:00,0,66
projects/index.html,26,html,03647ab2,lemoncastle,2025-01-11,16:02:16,-08:00,2025-01-11T16:02:16-08:00,0,21
projects/index.html,27,html,b284b1a5,LemonCastle,2025-01-29,14:44:01,-08:00,2025-01-29T14:44:01-08:00,0,49
projects/index.html,28,html,b284b1a5,LemonCastle,2025-01-29,14:44:01,-08:00,2025-01-29T14:44:01-08:00,0,48
projects/index.html,29,html,b284b1a5,LemonCastle,2025-01-29,14:44:01,-08:00,2025-01-29T14:44:01-08:00,0,5
projects/index.html,30,html,b284b1a5,LemonCastle,2025-01-29,14:44:01,-08:00,2025-01-29T14:44:01-08:00,0,0
projects/index.html,31,html,c6df6026,LemonCastle,2025-02-06,21:21:48,-08:00,2025-02-06T21:21:48-08:00,0,0
projects/index.html,32,html,f7d91b58,LemonCastle,2025-01-09,13:21:55,-08:00,2025-01-09T13:21:55-08:00,0,6
projects/index.html,33,html,f7d91b58,LemonCastle,2025-01-09,13:21:55,-08:00,2025-01-09T13:21:55-08:00,0,6
meta/index.html,1,html,66b05f00,lemoncastle,2025-02-08,14:17:08,-08:00,2025-02-08T14:17:08-08:00,0,14
meta/index.html,2,html,66b05f00,lemoncastle,2025-02-08,14:17:08,-08:00,2025-02-08T14:17:08-08:00,0,15
meta/index.html,3,html,66b05f00,lemoncastle,2025-02-08,14:17:08,-08:00,2025-02-08T14:17:08-08:00,0,5
meta/index.html,4,html,66b05f00,lemoncastle,2025-02-08,14:17:08,-08:00,2025-02-08T14:17:08-08:00,0,21
meta/index.html,5,html,66b05f00,lemoncastle,2025-02-08,14:17:08,-08:00,2025-02-08T14:17:08-08:00,0,69
meta/index.html,6,html,66b05f00,lemoncastle,2025-02-08,14:17:08,-08:00,2025-02-08T14:17:08-08:00,0,18
meta/index.html,7,html,66b05f00,lemoncastle,2025-02-08,14:17:08,-08:00,2025-02-08T14:17:08-08:00,0,42
meta/index.html,8,html,66b05f00,lemoncastle,2025-02-08,14:17:08,-08:00,2025-02-08T14:17:08-08:00,0,49
meta/index.html,9,html,66b05f00,lemoncastle,2025-02-08,14:17:08,-08:00,2025-02-08T14:17:08-08:00,0,6
meta/index.html,10,html,66b05f00,lemoncastle,2025-02-08,14:17:08,-08:00,2025-02-08T14:17:08-08:00,0,5
meta/index.html,11,html,66b05f00,lemoncastle,2025-02-08,14:17:08,-08:00,2025-02-08T14:17:08-08:00,0,31
meta/index.html,12,html,66b05f00,lemoncastle,2025-02-08,14:17:08,-08:00,2025-02-08T14:17:08-08:00,0,6
meta/index.html,13,html,66b05f00,lemoncastle,2025-02-08,14:17:08,-08:00,2025-02-08T14:17:08-08:00,0,6
contact/index.html,1,html,f7d91b58,LemonCastle,2025-01-09,13:21:55,-08:00,2025-01-09T13:21:55-08:00,0,14
contact/index.html,2,html,f7d91b58,LemonCastle,2025-01-09,13:21:55,-08:00,2025-01-09T13:21:55-08:00,0,15
contact/index.html,3,html,f7d91b58,LemonCastle,2025-01-09,13:21:55,-08:00,2025-01-09T13:21:55-08:00,0,5
contact/index.html,4,html,f7d91b58,LemonCastle,2025-01-09,13:21:55,-08:00,2025-01-09T13:21:55-08:00,0,21
contact/index.html,5,html,f7d91b58,LemonCastle,2025-01-09,13:21:55,-08:00,2025-01-09T13:21:55-08:00,0,69
contact/index.html,6,html,2c190668,LemonCastle,2025-01-22,10:05:45,-08:00,2025-01-22T10:05:45-08:00,0,21
contact/index.html,7,html,1e06bd61,lemoncastle,2025-01-09,20:24:51,-08:00,2025-01-09T20:24:51-08:00,0,42
contact/index.html,8,html,2c190668,LemonCastle,2025-01-22,10:05:45,-08:00,2025-01-22T10:05:45-08:00,0,49
contact/index.html,9,html,f7d91b58,LemonCastle,2025-01-09,13:21:55,-08:00,2025-01-09T13:21:55-08:00,0,6
contact/index.html,10,html,f7d91b58,LemonCastle,2025-01-09,13:21:55,-08:00,2025-01-09T13:21:55-08:00,0,5
contact/index.html,11,html,f7d91b58,LemonCastle,2025-01-09,13:21:55,-08:00,2025-01-09T13:21:55-08:00,0,15
contact/index.html,12,html,7e195b2f,LemonCastle,2025-01-10,14:41:44,-08:00,2025-01-10T14:41:44-08:00,0,0
contact/index.html,13,html,2c190668,LemonCastle,2025-01-22,10:05:45,-08:00,2025-01-22T10:05:45-08:00,0,48
contact/index.html,14,html,2587c932,lemoncastle,2025-01-09,20:50:44,-08:00,2025-01-09T20:50:44-08:00,0,36
contact/index.html,15,html,2587c932,lemoncastle,2025-01-09,20:50:44,-08:00,2025-01-09T20:50:44-08:00,0,46
contact/index.html,16,html,2c190668,LemonCastle,2025-01-22,10:05:45,-08:00,2025-01-22T10:05:45-08:00,0,33
contact/index.html,17,html,2587c932,lemoncastle,2025-01-09,20:50:44,-08:00,2025-01-09T20:50:44-08:00,0,32
contact/index.html,18,html,2587c932,lemoncastle,2025-01-09,20:50:44,-08:00,2025-01-09T20:50:44-08:00,0,22
contact/index.html,19,html,2587c932,lemoncastle,2025-01-09,20:50:44,-08:00,2025-01-09T20:50:44-08:00,0,6
contact/index.html,20,html,7e195b2f,LemonCastle,2025-01-10,14:41:44,-08:00,2025-01-10T14:41:44-08:00,0,0
contact/index.html,21,html,f7d91b58,LemonCastle,2025-01-09,13:21:55,-08:00,2025-01-09T13:21:55-08:00,0,6
contact/index.html,22,html,1e06bd61,lemoncastle,2025-01-09,20:24:51,-08:00,2025-01-09T20:24:51-08:00,0,6
